,Supplier_Lead_Time,Inventory_Levels,Order_Frequency,Delivery_Performance,Cost_Per_Unit
Supplier_Lead_Time,1.0,0.29466344870477845,-0.9031910399657973,-0.9180486638211945,0.9673248559592238
Inventory_Levels,0.29466344870477845,1.0,-0.21097668942301848,-0.30992204856754646,0.2723693142914948
Order_Frequency,-0.9031910399657973,-0.21097668942301848,1.0,0.8428454047500614,-0.8653044737520957
Delivery_Performance,-0.9180486638211945,-0.30992204856754646,0.8428454047500614,1.0,-0.9188839046428723
Cost_Per_Unit,0.9673248559592238,0.2723693142914948,-0.8653044737520957,-0.9188839046428723,1.0
